Number,Tank1Enabled,Tank1TransmitterName,Tank1TransmitterSerialNumber,Tank1AverageDepthInMeters,Tank1GasO2Percent,Tank1GasHePercent,Tank1GasN2Percent,Tank2Enabled,Tank2TransmitterName,Tank2TransmitterSerialNumber,Tank2AverageDepthInMeters,Tank2GasO2Percent,Tank2GasHePercent,Tank2GasN2Percent,Tank3Enabled,Tank3TransmitterName,Tank3TransmitterSerialNumber,Tank3AverageDepthInMeters,Tank3GasO2Percent,Tank3GasHePercent,Tank3GasN2Percent,Tank4Enabled,Tank4TransmitterName,Tank4TransmitterSerialNumber,Tank4AverageDepthInMeters,Tank4GasO2Percent,Tank4GasHePercent,Tank4GasN2Percent
1,False,T1,000000,2.092106,21,0,79,False,T2,000000,2.092106,21,0,79,False,T3,000000,2.092106,21,0,79,False,T4,000000,2.092106,21,0,79
2,False,T1,000000,3.884252,21,0,79,False,T2,000000,3.884252,21,0,79,False,T3,000000,3.884252,21,0,79,False,T4,000000,3.884252,21,0,79
3,False,T1,000000,2.302041,21,0,79,False,T2,000000,2.302041,21,0,79,False,T3,000000,2.302041,21,0,79,False,T4,000000,2.302041,21,0,79
4,False,T1,000000,9.118649,21,0,79,False,T2,000000,9.118649,21,0,79,False,T3,000000,9.118649,21,0,79,False,T4,000000,9.118649,21,0,79
5,False,T1,000000,4.475961,21,0,79,False,T2,000000,4.475961,21,0,79,False,T3,000000,4.475961,21,0,79,False,T4,000000,4.475961,21,0,79
6,False,T1,000000,4.726627,21,0,79,False,T2,000000,4.726627,21,0,79,False,T3,000000,4.726627,21,0,79,False,T4,000000,4.726627,21,0,79
7,False,T1,000000,7.810276,21,0,79,False,T2,000000,7.810276,21,0,79,False,T3,000000,7.810276,21,0,79,False,T4,000000,7.810276,21,0,79
8,True,T1,234374,11.44817,21,0,79,False,T2,000000,11.44817,21,0,79,False,T3,000000,11.44817,21,0,79,False,T4,000000,11.44817,21,0,79
9,True,T1,234374,7.485105,21,0,79,False,T2,000000,7.485105,21,0,79,False,T3,000000,7.485105,21,0,79,False,T4,000000,7.485105,21,0,79
10,True,T1,234374,9.328767,21,0,79,False,T2,000000,9.328767,21,0,79,False,T3,000000,9.328767,21,0,79,False,T4,000000,9.328767,21,0,79
11,True,T1,234374,9.327378,21,0,79,False,T2,000000,9.327378,21,0,79,False,T3,000000,9.327378,21,0,79,False,T4,000000,9.327378,21,0,79
12,True,T1,234374,14.24562,21,0,79,True,T2,233526,14.24562,21,0,79,False,T3,000000,14.24562,21,0,79,False,T4,000000,14.24562,21,0,79
13,True,T1,234374,17.45683,21,0,79,True,T2,233526,17.45683,21,0,79,False,T3,000000,17.45683,21,0,79,False,T4,000000,17.45683,21,0,79
14,True,T1,234374,16.35823,21,0,79,True,T2,233526,16.35823,21,0,79,False,T3,000000,16.35823,21,0,79,False,T4,000000,16.35823,21,0,79
15,True,T1,234374,17.78289,21,0,79,True,T2,233526,17.78289,21,0,79,False,T3,000000,17.78289,21,0,79,False,T4,000000,17.78289,21,0,79
16,True,T1,234374,12.52896,21,0,79,True,T2,233526,12.52896,21,0,79,False,T3,000000,12.52896,21,0,79,False,T4,000000,12.52896,21,0,79
17,True,T1,234374,9.059644,21,0,79,True,T2,233526,9.059644,21,0,79,False,T3,000000,9.059644,21,0,79,False,T4,000000,9.059644,21,0,79
18,True,T1,234374,11.475,21,0,79,True,T2,233526,11.475,21,0,79,False,T3,000000,11.475,21,0,79,False,T4,000000,11.475,21,0,79
19,True,T1,234374,16.3,21,0,79,True,T2,233526,16.3,21,0,79,False,T3,000000,16.3,21,0,79,False,T4,000000,16.3,21,0,79
20,True,T1,234374,17.50377,21,0,79,True,T2,233526,17.50377,21,0,79,False,T3,000000,17.50377,21,0,79,False,T4,000000,17.50377,21,0,79
21,True,T1,234374,12.5242,21,0,79,True,T2,233526,12.5242,21,0,79,False,T3,000000,12.5242,21,0,79,False,T4,000000,12.5242,21,0,79
22,True,T1,234374,10.96974,21,0,79,True,T2,233526,10.96974,21,0,79,False,T3,000000,10.96974,21,0,79,False,T4,000000,10.96974,21,0,79
23,True,T1,234374,15.31029,21,0,79,True,T2,233526,15.31029,21,0,79,False,T3,000000,15.31029,21,0,79,False,T4,000000,15.31029,21,0,79
24,True,T1,234374,11.33488,21,0,79,True,T2,233526,11.33488,21,0,79,False,T3,000000,11.33488,21,0,79,False,T4,000000,11.33488,21,0,79
25,True,T1,234374,12.65419,21,0,79,True,T2,233526,12.65419,21,0,79,False,T3,000000,12.65419,21,0,79,False,T4,000000,12.65419,21,0,79
26,True,T1,234374,10.21198,21,0,79,True,T2,233526,10.21198,21,0,79,False,T3,000000,10.21198,21,0,79,False,T4,000000,10.21198,21,0,79
27,False,T1,000000,3.2,21,0,79,False,T2,000000,3.2,21,0,79,False,T3,000000,3.2,21,0,79,False,T4,000000,3.2,21,0,79
28,False,T1,000000,3.2,21,0,79,False,T2,000000,3.2,21,0,79,False,T3,000000,3.2,21,0,79,False,T4,000000,3.2,21,0,79
29,False,T1,000000,1.966667,21,0,79,False,T2,000000,1.966667,21,0,79,False,T3,000000,1.966667,21,0,79,False,T4,000000,1.966667,21,0,79
30,False,T1,000000,2.6,21,0,79,False,T2,000000,2.6,21,0,79,False,T3,000000,2.6,21,0,79,False,T4,000000,2.6,21,0,79
31,False,T1,000000,2.6,21,0,79,False,T2,000000,2.6,21,0,79,False,T3,000000,2.6,21,0,79,False,T4,000000,2.6,21,0,79
32,False,T1,000000,2.9,21,0,79,False,T2,000000,2.9,21,0,79,False,T3,000000,2.9,21,0,79,False,T4,000000,2.9,21,0,79
33,False,T1,000000,2.25,21,0,79,False,T2,000000,2.25,21,0,79,False,T3,000000,2.25,21,0,79,False,T4,000000,2.25,21,0,79
34,False,T1,000000,2,21,0,79,False,T2,000000,2,21,0,79,False,T3,000000,2,21,0,79,False,T4,000000,2,21,0,79
35,False,T1,000000,2.022222,21,0,79,False,T2,000000,2.022222,21,0,79,False,T3,000000,2.022222,21,0,79,False,T4,000000,2.022222,21,0,79
36,False,T1,000000,2,21,0,79,False,T2,000000,2,21,0,79,False,T3,000000,2,21,0,79,False,T4,000000,2,21,0,79
37,False,T1,000000,2.7,21,0,79,False,T2,000000,2.7,21,0,79,False,T3,000000,2.7,21,0,79,False,T4,000000,2.7,21,0,79
38,False,T1,000000,2,21,0,79,False,T2,000000,2,21,0,79,False,T3,000000,2,21,0,79,False,T4,000000,2,21,0,79
39,False,T1,000000,2.25,21,0,79,False,T2,000000,2.25,21,0,79,False,T3,000000,2.25,21,0,79,False,T4,000000,2.25,21,0,79
40,False,T1,000000,2.66,21,0,79,False,T2,000000,2.66,21,0,79,False,T3,000000,2.66,21,0,79,False,T4,000000,2.66,21,0,79
41,False,T1,000000,1.9,21,0,79,False,T2,000000,1.9,21,0,79,False,T3,000000,1.9,21,0,79,False,T4,000000,1.9,21,0,79
42,False,T1,000000,2.9,21,0,79,False,T2,000000,2.9,21,0,79,False,T3,000000,2.9,21,0,79,False,T4,000000,2.9,21,0,79
43,False,T1,000000,2.15,21,0,79,False,T2,000000,2.15,21,0,79,False,T3,000000,2.15,21,0,79,False,T4,000000,2.15,21,0,79
44,False,T1,000000,3.3,21,0,79,False,T2,000000,3.3,21,0,79,False,T3,000000,3.3,21,0,79,False,T4,000000,3.3,21,0,79
45,False,T1,000000,3.1,21,0,79,False,T2,000000,3.1,21,0,79,False,T3,000000,3.1,21,0,79,False,T4,000000,3.1,21,0,79
46,False,T1,000000,2.175,21,0,79,False,T2,000000,2.175,21,0,79,False,T3,000000,2.175,21,0,79,False,T4,000000,2.175,21,0,79
47,False,T1,000000,2.15,21,0,79,False,T2,000000,2.15,21,0,79,False,T3,000000,2.15,21,0,79,False,T4,000000,2.15,21,0,79
48,False,T1,000000,1.6,21,0,79,False,T2,000000,1.6,21,0,79,False,T3,000000,1.6,21,0,79,False,T4,000000,1.6,21,0,79
49,False,T1,000000,2.033334,21,0,79,False,T2,000000,2.033334,21,0,79,False,T3,000000,2.033334,21,0,79,False,T4,000000,2.033334,21,0,79
50,False,T1,000000,1.880769,21,0,79,False,T2,000000,1.880769,21,0,79,False,T3,000000,1.880769,21,0,79,False,T4,000000,1.880769,21,0,79
51,False,T1,000000,2.7875,21,0,79,False,T2,000000,2.7875,21,0,79,False,T3,000000,2.7875,21,0,79,False,T4,000000,2.7875,21,0,79
52,False,T1,000000,2.15,21,0,79,False,T2,000000,2.15,21,0,79,False,T3,000000,2.15,21,0,79,False,T4,000000,2.15,21,0,79
53,False,T1,000000,3.75,21,0,79,False,T2,000000,3.75,21,0,79,False,T3,000000,3.75,21,0,79,False,T4,000000,3.75,21,0,79
54,False,T1,000000,2.55,21,0,79,False,T2,000000,2.55,21,0,79,False,T3,000000,2.55,21,0,79,False,T4,000000,2.55,21,0,79
55,False,T1,000000,2.9,21,0,79,False,T2,000000,2.9,21,0,79,False,T3,000000,2.9,21,0,79,False,T4,000000,2.9,21,0,79
56,False,T1,000000,5,21,0,79,False,T2,000000,5,21,0,79,False,T3,000000,5,21,0,79,False,T4,000000,5,21,0,79
57,False,T1,000000,3.114286,21,0,79,False,T2,000000,3.114286,21,0,79,False,T3,000000,3.114286,21,0,79,False,T4,000000,3.114286,21,0,79
58,False,T1,000000,4.6,21,0,79,False,T2,000000,4.6,21,0,79,False,T3,000000,4.6,21,0,79,False,T4,000000,4.6,21,0,79
59,False,T1,000000,3.533334,21,0,79,False,T2,000000,3.533334,21,0,79,False,T3,000000,3.533334,21,0,79,False,T4,000000,3.533334,21,0,79
60,False,T1,000000,2.7875,21,0,79,False,T2,000000,2.7875,21,0,79,False,T3,000000,2.7875,21,0,79,False,T4,000000,2.7875,21,0,79
61,False,T1,000000,2.666667,21,0,79,False,T2,000000,2.666667,21,0,79,False,T3,000000,2.666667,21,0,79,False,T4,000000,2.666667,21,0,79
62,False,T1,000000,4.2,21,0,79,False,T2,000000,4.2,21,0,79,False,T3,000000,4.2,21,0,79,False,T4,000000,4.2,21,0,79
63,False,T1,000000,3.166667,21,0,79,False,T2,000000,3.166667,21,0,79,False,T3,000000,3.166667,21,0,79,False,T4,000000,3.166667,21,0,79
64,False,T1,000000,2.966666,21,0,79,False,T2,000000,2.966666,21,0,79,False,T3,000000,2.966666,21,0,79,False,T4,000000,2.966666,21,0,79
65,False,T1,000000,2.4,21,0,79,False,T2,000000,2.4,21,0,79,False,T3,000000,2.4,21,0,79,False,T4,000000,2.4,21,0,79
66,False,T1,000000,2.572727,21,0,79,False,T2,000000,2.572727,21,0,79,False,T3,000000,2.572727,21,0,79,False,T4,000000,2.572727,21,0,79
67,False,T1,000000,3.88,21,0,79,False,T2,000000,3.88,21,0,79,False,T3,000000,3.88,21,0,79,False,T4,000000,3.88,21,0,79
68,False,T1,000000,3.2,21,0,79,False,T2,000000,3.2,21,0,79,False,T3,000000,3.2,21,0,79,False,T4,000000,3.2,21,0,79
69,False,T1,000000,3.7,21,0,79,False,T2,000000,3.7,21,0,79,False,T3,000000,3.7,21,0,79,False,T4,000000,3.7,21,0,79
70,False,T1,000000,3.6,21,0,79,False,T2,000000,3.6,21,0,79,False,T3,000000,3.6,21,0,79,False,T4,000000,3.6,21,0,79
71,False,T1,000000,3.05,21,0,79,False,T2,000000,3.05,21,0,79,False,T3,000000,3.05,21,0,79,False,T4,000000,3.05,21,0,79
72,False,T1,000000,3.625,21,0,79,False,T2,000000,3.625,21,0,79,False,T3,000000,3.625,21,0,79,False,T4,000000,3.625,21,0,79
73,False,T1,000000,3.3,21,0,79,False,T2,000000,3.3,21,0,79,False,T3,000000,3.3,21,0,79,False,T4,000000,3.3,21,0,79
74,False,T1,000000,3.9,21,0,79,False,T2,000000,3.9,21,0,79,False,T3,000000,3.9,21,0,79,False,T4,000000,3.9,21,0,79
75,False,T1,000000,2.7,21,0,79,False,T2,000000,2.7,21,0,79,False,T3,000000,2.7,21,0,79,False,T4,000000,2.7,21,0,79
76,False,T1,000000,2.4,21,0,79,False,T2,000000,2.4,21,0,79,False,T3,000000,2.4,21,0,79,False,T4,000000,2.4,21,0,79
77,False,T1,000000,2.4,21,0,79,False,T2,000000,2.4,21,0,79,False,T3,000000,2.4,21,0,79,False,T4,000000,2.4,21,0,79
78,False,T1,000000,2.45,21,0,79,False,T2,000000,2.45,21,0,79,False,T3,000000,2.45,21,0,79,False,T4,000000,2.45,21,0,79
79,False,T1,000000,5.125,21,0,79,False,T2,000000,5.125,21,0,79,False,T3,000000,5.125,21,0,79,False,T4,000000,5.125,21,0,79
80,False,T1,000000,2.8,21,0,79,False,T2,000000,2.8,21,0,79,False,T3,000000,2.8,21,0,79,False,T4,000000,2.8,21,0,79
81,False,T1,000000,3.233334,21,0,79,False,T2,000000,3.233334,21,0,79,False,T3,000000,3.233334,21,0,79,False,T4,000000,3.233334,21,0,79
82,False,T1,000000,2.95,21,0,79,False,T2,000000,2.95,21,0,79,False,T3,000000,2.95,21,0,79,False,T4,000000,2.95,21,0,79
83,False,T1,000000,2.975,21,0,79,False,T2,000000,2.975,21,0,79,False,T3,000000,2.975,21,0,79,False,T4,000000,2.975,21,0,79
84,False,T1,000000,3.82,21,0,79,False,T2,000000,3.82,21,0,79,False,T3,000000,3.82,21,0,79,False,T4,000000,3.82,21,0,79
85,False,T1,000000,3.266667,21,0,79,False,T2,000000,3.266667,21,0,79,False,T3,000000,3.266667,21,0,79,False,T4,000000,3.266667,21,0,79
86,False,T1,000000,2.85,21,0,79,False,T2,000000,2.85,21,0,79,False,T3,000000,2.85,21,0,79,False,T4,000000,2.85,21,0,79
87,False,T1,000000,3.166667,21,0,79,False,T2,000000,3.166667,21,0,79,False,T3,000000,3.166667,21,0,79,False,T4,000000,3.166667,21,0,79
88,False,T1,000000,3.08,21,0,79,False,T2,000000,3.08,21,0,79,False,T3,000000,3.08,21,0,79,False,T4,000000,3.08,21,0,79
89,False,T1,000000,2.283334,21,0,79,False,T2,000000,2.283334,21,0,79,False,T3,000000,2.283334,21,0,79,False,T4,000000,2.283334,21,0,79
90,False,T1,000000,3.142857,21,0,79,False,T2,000000,3.142857,21,0,79,False,T3,000000,3.142857,21,0,79,False,T4,000000,3.142857,21,0,79
91,False,T1,000000,2.275,21,0,79,False,T2,000000,2.275,21,0,79,False,T3,000000,2.275,21,0,79,False,T4,000000,2.275,21,0,79
92,False,T1,000000,4.666667,21,0,79,False,T2,000000,4.666667,21,0,79,False,T3,000000,4.666667,21,0,79,False,T4,000000,4.666667,21,0,79
93,False,T1,000000,2.733333,21,0,79,False,T2,000000,2.733333,21,0,79,False,T3,000000,2.733333,21,0,79,False,T4,000000,2.733333,21,0,79
94,False,T1,000000,6.24,21,0,79,False,T2,000000,6.24,21,0,79,False,T3,000000,6.24,21,0,79,False,T4,000000,6.24,21,0,79
95,False,T1,000000,6.233334,21,0,79,False,T2,000000,6.233334,21,0,79,False,T3,000000,6.233334,21,0,79,False,T4,000000,6.233334,21,0,79
96,False,T1,000000,3.925,21,0,79,False,T2,000000,3.925,21,0,79,False,T3,000000,3.925,21,0,79,False,T4,000000,3.925,21,0,79
97,False,T1,000000,5.533333,21,0,79,False,T2,000000,5.533333,21,0,79,False,T3,000000,5.533333,21,0,79,False,T4,000000,5.533333,21,0,79
98,False,T1,000000,3.35,21,0,79,False,T2,000000,3.35,21,0,79,False,T3,000000,3.35,21,0,79,False,T4,000000,3.35,21,0,79
99,False,T1,000000,4.15,21,0,79,False,T2,000000,4.15,21,0,79,False,T3,000000,4.15,21,0,79,False,T4,000000,4.15,21,0,79
100,False,T1,000000,4.1,21,0,79,False,T2,000000,4.1,21,0,79,False,T3,000000,4.1,21,0,79,False,T4,000000,4.1,21,0,79
101,False,T1,000000,6.1,21,0,79,False,T2,000000,6.1,21,0,79,False,T3,000000,6.1,21,0,79,False,T4,000000,6.1,21,0,79
102,False,T1,000000,3.65,21,0,79,False,T2,000000,3.65,21,0,79,False,T3,000000,3.65,21,0,79,False,T4,000000,3.65,21,0,79
103,False,T1,000000,7.4,21,0,79,False,T2,000000,7.4,21,0,79,False,T3,000000,7.4,21,0,79,False,T4,000000,7.4,21,0,79
104,False,T1,000000,7,21,0,79,False,T2,000000,7,21,0,79,False,T3,000000,7,21,0,79,False,T4,000000,7,21,0,79
105,False,T1,000000,5.125,21,0,79,False,T2,000000,5.125,21,0,79,False,T3,000000,5.125,21,0,79,False,T4,000000,5.125,21,0,79
106,False,T1,000000,4.566667,21,0,79,False,T2,000000,4.566667,21,0,79,False,T3,000000,4.566667,21,0,79,False,T4,000000,4.566667,21,0,79
107,False,T1,000000,3.45,21,0,79,False,T2,000000,3.45,21,0,79,False,T3,000000,3.45,21,0,79,False,T4,000000,3.45,21,0,79
108,False,T1,000000,6.45,21,0,79,False,T2,000000,6.45,21,0,79,False,T3,000000,6.45,21,0,79,False,T4,000000,6.45,21,0,79
109,False,T1,000000,6.7,21,0,79,False,T2,000000,6.7,21,0,79,False,T3,000000,6.7,21,0,79,False,T4,000000,6.7,21,0,79
110,False,T1,000000,4,21,0,79,False,T2,000000,4,21,0,79,False,T3,000000,4,21,0,79,False,T4,000000,4,21,0,79
111,False,T1,000000,3.7,21,0,79,False,T2,000000,3.7,21,0,79,False,T3,000000,3.7,21,0,79,False,T4,000000,3.7,21,0,79
112,False,T1,000000,3,21,0,79,False,T2,000000,3,21,0,79,False,T3,000000,3,21,0,79,False,T4,000000,3,21,0,79
113,False,T1,000000,4.05,21,0,79,False,T2,000000,4.05,21,0,79,False,T3,000000,4.05,21,0,79,False,T4,000000,4.05,21,0,79
114,False,T1,000000,3.85,21,0,79,False,T2,000000,3.85,21,0,79,False,T3,000000,3.85,21,0,79,False,T4,000000,3.85,21,0,79
115,False,T1,000000,3.8,21,0,79,False,T2,000000,3.8,21,0,79,False,T3,000000,3.8,21,0,79,False,T4,000000,3.8,21,0,79
116,False,T1,000000,4.2,21,0,79,False,T2,000000,4.2,21,0,79,False,T3,000000,4.2,21,0,79,False,T4,000000,4.2,21,0,79
117,False,T1,000000,4.3,21,0,79,False,T2,000000,4.3,21,0,79,False,T3,000000,4.3,21,0,79,False,T4,000000,4.3,21,0,79
118,False,T1,000000,1.7,21,0,79,False,T2,000000,1.7,21,0,79,False,T3,000000,1.7,21,0,79,False,T4,000000,1.7,21,0,79
119,False,T1,000000,3.8,21,0,79,False,T2,000000,3.8,21,0,79,False,T3,000000,3.8,21,0,79,False,T4,000000,3.8,21,0,79
120,False,T1,000000,2.85,21,0,79,False,T2,000000,2.85,21,0,79,False,T3,000000,2.85,21,0,79,False,T4,000000,2.85,21,0,79
121,False,T1,000000,5.6,21,0,79,False,T2,000000,5.6,21,0,79,False,T3,000000,5.6,21,0,79,False,T4,000000,5.6,21,0,79
122,False,T1,000000,3,21,0,79,False,T2,000000,3,21,0,79,False,T3,000000,3,21,0,79,False,T4,000000,3,21,0,79
123,False,T1,000000,3.5,21,0,79,False,T2,000000,3.5,21,0,79,False,T3,000000,3.5,21,0,79,False,T4,000000,3.5,21,0,79
124,False,T1,000000,3.3,21,0,79,False,T2,000000,3.3,21,0,79,False,T3,000000,3.3,21,0,79,False,T4,000000,3.3,21,0,79
125,False,T1,000000,2.8,21,0,79,False,T2,000000,2.8,21,0,79,False,T3,000000,2.8,21,0,79,False,T4,000000,2.8,21,0,79
126,False,T1,000000,3.2,21,0,79,False,T2,000000,3.2,21,0,79,False,T3,000000,3.2,21,0,79,False,T4,000000,3.2,21,0,79
127,False,T1,000000,4.1,21,0,79,False,T2,000000,4.1,21,0,79,False,T3,000000,4.1,21,0,79,False,T4,000000,4.1,21,0,79
128,False,T1,000000,6.85,21,0,79,False,T2,000000,6.85,21,0,79,False,T3,000000,6.85,21,0,79,False,T4,000000,6.85,21,0,79
129,False,T1,000000,3.9,21,0,79,False,T2,000000,3.9,21,0,79,False,T3,000000,3.9,21,0,79,False,T4,000000,3.9,21,0,79
130,False,T1,000000,8.175,21,0,79,False,T2,000000,8.175,21,0,79,False,T3,000000,8.175,21,0,79,False,T4,000000,8.175,21,0,79
131,False,T1,000000,3.733333,21,0,79,False,T2,000000,3.733333,21,0,79,False,T3,000000,3.733333,21,0,79,False,T4,000000,3.733333,21,0,79
132,False,T1,000000,3.2,21,0,79,False,T2,000000,3.2,21,0,79,False,T3,000000,3.2,21,0,79,False,T4,000000,3.2,21,0,79
133,False,T1,000000,4.375,21,0,79,False,T2,000000,4.375,21,0,79,False,T3,000000,4.375,21,0,79,False,T4,000000,4.375,21,0,79
134,False,T1,000000,7.5,21,0,79,False,T2,000000,7.5,21,0,79,False,T3,000000,7.5,21,0,79,False,T4,000000,7.5,21,0,79
135,False,T1,000000,5.8,21,0,79,False,T2,000000,5.8,21,0,79,False,T3,000000,5.8,21,0,79,False,T4,000000,5.8,21,0,79
136,False,T1,000000,3.933333,21,0,79,False,T2,000000,3.933333,21,0,79,False,T3,000000,3.933333,21,0,79,False,T4,000000,3.933333,21,0,79
137,False,T1,000000,7.099999,21,0,79,False,T2,000000,7.099999,21,0,79,False,T3,000000,7.099999,21,0,79,False,T4,000000,7.099999,21,0,79
138,False,T1,000000,7.533333,21,0,79,False,T2,000000,7.533333,21,0,79,False,T3,000000,7.533333,21,0,79,False,T4,000000,7.533333,21,0,79
139,False,T1,000000,5.625,21,0,79,False,T2,000000,5.625,21,0,79,False,T3,000000,5.625,21,0,79,False,T4,000000,5.625,21,0,79
140,False,T1,000000,5.966667,21,0,79,False,T2,000000,5.966667,21,0,79,False,T3,000000,5.966667,21,0,79,False,T4,000000,5.966667,21,0,79
141,False,T1,000000,3.65,21,0,79,False,T2,000000,3.65,21,0,79,False,T3,000000,3.65,21,0,79,False,T4,000000,3.65,21,0,79
142,False,T1,000000,7.942857,21,0,79,False,T2,000000,7.942857,21,0,79,False,T3,000000,7.942857,21,0,79,False,T4,000000,7.942857,21,0,79
143,False,T1,000000,4.8,21,0,79,False,T2,000000,4.8,21,0,79,False,T3,000000,4.8,21,0,79,False,T4,000000,4.8,21,0,79
144,False,T1,000000,8.1,21,0,79,False,T2,000000,8.1,21,0,79,False,T3,000000,8.1,21,0,79,False,T4,000000,8.1,21,0,79
145,False,T1,000000,4.475,21,0,79,False,T2,000000,4.475,21,0,79,False,T3,000000,4.475,21,0,79,False,T4,000000,4.475,21,0,79
146,False,T1,000000,4.466667,21,0,79,False,T2,000000,4.466667,21,0,79,False,T3,000000,4.466667,21,0,79,False,T4,000000,4.466667,21,0,79
147,False,T1,000000,6.54,21,0,79,False,T2,000000,6.54,21,0,79,False,T3,000000,6.54,21,0,79,False,T4,000000,6.54,21,0,79
1001,False,T1,000000,11.99256,21,0,79,False,T2,000000,11.99256,21,0,79,False,T3,000000,11.99256,21,0,79,False,T4,000000,11.99256,21,0,79
1002,False,T1,000000,10.57583,21,0,79,False,T2,000000,10.57583,21,0,79,False,T3,000000,10.57583,21,0,79,False,T4,000000,10.57583,21,0,79
1003,False,T1,000000,9.538613,21,0,79,False,T2,000000,9.538613,21,0,79,False,T3,000000,9.538613,21,0,79,False,T4,000000,9.538613,21,0,79
1004,True,T1,263523,11.53538,21,0,79,False,T2,000000,11.53538,21,0,79,False,T3,000000,11.53538,21,0,79,False,T4,000000,11.53538,21,0,79
1005,True,T1,263523,7.734871,21,0,79,False,T2,000000,7.734871,21,0,79,False,T3,000000,7.734871,21,0,79,False,T4,000000,7.734871,21,0,79
1006,True,T1,263523,12.52439,21,0,79,False,T2,000000,12.52439,21,0,79,False,T3,000000,12.52439,21,0,79,False,T4,000000,12.52439,21,0,79
1007,True,T1,263523,16.46966,21,0,79,False,T2,000000,16.46966,21,0,79,False,T3,000000,16.46966,21,0,79,False,T4,000000,16.46966,21,0,79
1008,True,T1,263523,12.95986,21,0,79,False,T2,000000,12.95986,21,0,79,False,T3,000000,12.95986,21,0,79,False,T4,000000,12.95986,21,0,79
1009,True,T1,263523,10.88659,21,0,79,False,T2,000000,10.88659,21,0,79,False,T3,000000,10.88659,21,0,79,False,T4,000000,10.88659,21,0,79
1010,True,T1,263523,15.09783,21,0,79,True,T2,744323,15.09783,21,0,79,False,T3,000000,15.09783,21,0,79,False,T4,000000,15.09783,21,0,79
1011,True,T1,263523,17.46393,21,0,79,True,T2,744323,17.46393,21,0,79,False,T3,000000,17.46393,21,0,79,False,T4,000000,17.46393,21,0,79
1012,True,T1,263523,16.6249,21,0,79,True,T2,744323,16.6249,21,0,79,False,T3,000000,16.6249,21,0,79,False,T4,000000,16.6249,21,0,79
1013,True,T1,263523,18.04714,21,0,79,True,T2,744323,18.04714,21,0,79,False,T3,000000,18.04714,21,0,79,False,T4,000000,18.04714,21,0,79
1014,True,T1,263523,11.84854,21,0,79,True,T2,744323,11.84854,21,0,79,False,T3,000000,11.84854,21,0,79,False,T4,000000,11.84854,21,0,79
1015,True,T1,263523,10.25035,21,0,79,True,T2,744323,10.25035,21,0,79,False,T3,000000,10.25035,21,0,79,False,T4,000000,10.25035,21,0,79
1016,True,T1,263523,11.89483,21,0,79,True,T2,744323,11.89483,21,0,79,False,T3,000000,11.89483,21,0,79,False,T4,000000,11.89483,21,0,79
1017,True,T1,263523,16.86518,21,0,79,True,T2,744323,16.86518,21,0,79,False,T3,000000,16.86518,21,0,79,False,T4,000000,16.86518,21,0,79
1018,True,T1,263523,20.56,21,0,79,True,T2,744323,20.56,21,0,79,False,T3,000000,20.56,21,0,79,False,T4,000000,20.56,21,0,79
1019,True,T1,263523,13.14844,21,0,79,True,T2,744323,13.14844,21,0,79,False,T3,000000,13.14844,21,0,79,False,T4,000000,13.14844,21,0,79
1020,True,T1,263523,10.91899,21,0,79,True,T2,744323,10.91899,21,0,79,False,T3,000000,10.91899,21,0,79,False,T4,000000,10.91899,21,0,79
1021,True,T1,263523,15.41358,21,0,79,True,T2,744323,15.41358,21,0,79,False,T3,000000,15.41358,21,0,79,False,T4,000000,15.41358,21,0,79
1022,True,T1,263523,12.22191,21,0,79,True,T2,744323,12.22191,21,0,79,False,T3,000000,12.22191,21,0,79,False,T4,000000,12.22191,21,0,79
1023,True,T1,263523,12.28526,21,0,79,True,T2,744323,12.28526,21,0,79,False,T3,000000,12.28526,21,0,79,False,T4,000000,12.28526,21,0,79
1024,True,T1,263523,10.89791,21,0,79,True,T2,744323,10.89791,21,0,79,False,T3,000000,10.89791,21,0,79,False,T4,000000,10.89791,21,0,79
148,False,T1,000000,1288.388,0,0,100,False,T2,000000,1288.388,0,0,100,False,T3,000000,1288.388,0,0,100,False,T4,000000,1288.388,0,0,100
149,False,T1,000000,1474.619,0,0,100,False,T2,000000,1474.619,0,0,100,False,T3,000000,1474.619,0,0,100,False,T4,000000,1474.619,0,0,100
150,False,T1,000000,1287.5,0,0,100,False,T2,000000,1287.5,0,0,100,False,T3,000000,1287.5,0,0,100,False,T4,000000,1287.5,0,0,100
151,False,T1,000000,1354.4,0,0,100,False,T2,000000,1354.4,0,0,100,False,T3,000000,1354.4,0,0,100,False,T4,000000,1354.4,0,0,100
152,False,T1,000000,1712.542,0,0,100,False,T2,000000,1712.542,0,0,100,False,T3,000000,1712.542,0,0,100,False,T4,000000,1712.542,0,0,100
153,False,T1,000000,1787.162,0,0,100,False,T2,000000,1787.162,0,0,100,False,T3,000000,1787.162,0,0,100,False,T4,000000,1787.162,0,0,100
154,False,T1,000000,1219.313,0,0,100,False,T2,000000,1219.313,0,0,100,False,T3,000000,1219.313,0,0,100,False,T4,000000,1219.313,0,0,100
155,False,T1,000000,1654.286,0,0,100,False,T2,000000,1654.286,0,0,100,False,T3,000000,1654.286,0,0,100,False,T4,000000,1654.286,0,0,100
156,False,T1,000000,1468.85,0,0,100,False,T2,000000,1468.85,0,0,100,False,T3,000000,1468.85,0,0,100,False,T4,000000,1468.85,0,0,100
157,False,T1,000000,1537.68,0,0,100,False,T2,000000,1537.68,0,0,100,False,T3,000000,1537.68,0,0,100,False,T4,000000,1537.68,0,0,100
158,False,T1,000000,1505.293,0,0,100,False,T2,000000,1505.293,0,0,100,False,T3,000000,1505.293,0,0,100,False,T4,000000,1505.293,0,0,100
159,False,T1,000000,1535.452,0,0,100,False,T2,000000,1535.452,0,0,100,False,T3,000000,1535.452,0,0,100,False,T4,000000,1535.452,0,0,100
160,False,T1,000000,1790.348,0,0,100,False,T2,000000,1790.348,0,0,100,False,T3,000000,1790.348,0,0,100,False,T4,000000,1790.348,0,0,100
161,False,T1,000000,1737.082,0,0,100,False,T2,000000,1737.082,0,0,100,False,T3,000000,1737.082,0,0,100,False,T4,000000,1737.082,0,0,100
162,False,T1,000000,1099.364,0,0,100,False,T2,000000,1099.364,0,0,100,False,T3,000000,1099.364,0,0,100,False,T4,000000,1099.364,0,0,100
163,False,T1,000000,1362.282,0,0,100,False,T2,000000,1362.282,0,0,100,False,T3,000000,1362.282,0,0,100,False,T4,000000,1362.282,0,0,100
164,False,T1,000000,1170.034,0,0,100,False,T2,000000,1170.034,0,0,100,False,T3,000000,1170.034,0,0,100,False,T4,000000,1170.034,0,0,100
165,False,T1,000000,1570.119,0,0,100,False,T2,000000,1570.119,0,0,100,False,T3,000000,1570.119,0,0,100,False,T4,000000,1570.119,0,0,100
166,False,T1,000000,1691.864,0,0,100,False,T2,000000,1691.864,0,0,100,False,T3,000000,1691.864,0,0,100,False,T4,000000,1691.864,0,0,100
167,False,T1,000000,1236.677,0,0,100,False,T2,000000,1236.677,0,0,100,False,T3,000000,1236.677,0,0,100,False,T4,000000,1236.677,0,0,100
168,False,T1,000000,1166.184,0,0,100,False,T2,000000,1166.184,0,0,100,False,T3,000000,1166.184,0,0,100,False,T4,000000,1166.184,0,0,100
169,False,T1,000000,1457.442,0,0,100,False,T2,000000,1457.442,0,0,100,False,T3,000000,1457.442,0,0,100,False,T4,000000,1457.442,0,0,100
170,False,T1,000000,1704.435,0,0,100,False,T2,000000,1704.435,0,0,100,False,T3,000000,1704.435,0,0,100,False,T4,000000,1704.435,0,0,100
171,False,T1,000000,1132.762,0,0,100,False,T2,000000,1132.762,0,0,100,False,T3,000000,1132.762,0,0,100,False,T4,000000,1132.762,0,0,100
172,False,T1,000000,1864.6,0,0,100,False,T2,000000,1864.6,0,0,100,False,T3,000000,1864.6,0,0,100,False,T4,000000,1864.6,0,0,100
173,False,T1,000000,1305.641,0,0,100,False,T2,000000,1305.641,0,0,100,False,T3,000000,1305.641,0,0,100,False,T4,000000,1305.641,0,0,100
174,False,T1,000000,1502.618,0,0,100,False,T2,000000,1502.618,0,0,100,False,T3,000000,1502.618,0,0,100,False,T4,000000,1502.618,0,0,100
175,False,T1,000000,1529.738,0,0,100,False,T2,000000,1529.738,0,0,100,False,T3,000000,1529.738,0,0,100,False,T4,000000,1529.738,0,0,100
176,False,T1,000000,1551.421,0,0,100,False,T2,000000,1551.421,0,0,100,False,T3,000000,1551.421,0,0,100,False,T4,000000,1551.421,0,0,100
177,False,T1,000000,1110.533,0,0,100,False,T2,000000,1110.533,0,0,100,False,T3,000000,1110.533,0,0,100,False,T4,000000,1110.533,0,0,100
178,False,T1,000000,1144.146,0,0,100,False,T2,000000,1144.146,0,0,100,False,T3,000000,1144.146,0,0,100,False,T4,000000,1144.146,0,0,100
179,False,T1,000000,1537.55,0,0,100,False,T2,000000,1537.55,0,0,100,False,T3,000000,1537.55,0,0,100,False,T4,000000,1537.55,0,0,100
180,False,T1,000000,1122.167,0,0,100,False,T2,000000,1122.167,0,0,100,False,T3,000000,1122.167,0,0,100,False,T4,000000,1122.167,0,0,100
181,False,T1,000000,1583.217,0,0,100,False,T2,000000,1583.217,0,0,100,False,T3,000000,1583.217,0,0,100,False,T4,000000,1583.217,0,0,100
182,False,T1,000000,1631.246,0,0,100,False,T2,000000,1631.246,0,0,100,False,T3,000000,1631.246,0,0,100,False,T4,000000,1631.246,0,0,100
183,False,T1,000000,1510.83,0,0,100,False,T2,000000,1510.83,0,0,100,False,T3,000000,1510.83,0,0,100,False,T4,000000,1510.83,0,0,100
184,False,T1,000000,1114.927,0,0,100,False,T2,000000,1114.927,0,0,100,False,T3,000000,1114.927,0,0,100,False,T4,000000,1114.927,0,0,100
185,False,T1,000000,1413.015,0,0,100,False,T2,000000,1413.015,0,0,100,False,T3,000000,1413.015,0,0,100,False,T4,000000,1413.015,0,0,100
186,False,T1,000000,1462.333,0,0,100,False,T2,000000,1462.333,0,0,100,False,T3,000000,1462.333,0,0,100,False,T4,000000,1462.333,0,0,100
187,False,T1,000000,1175.303,0,0,100,False,T2,000000,1175.303,0,0,100,False,T3,000000,1175.303,0,0,100,False,T4,000000,1175.303,0,0,100
188,False,T1,000000,1244.946,0,0,100,False,T2,000000,1244.946,0,0,100,False,T3,000000,1244.946,0,0,100,False,T4,000000,1244.946,0,0,100
189,False,T1,000000,1106,0,0,100,False,T2,000000,1106,0,0,100,False,T3,000000,1106,0,0,100,False,T4,000000,1106,0,0,100
190,False,T1,000000,1485.53,0,0,100,False,T2,000000,1485.53,0,0,100,False,T3,000000,1485.53,0,0,100,False,T4,000000,1485.53,0,0,100
191,False,T1,000000,1720.056,0,0,100,False,T2,000000,1720.056,0,0,100,False,T3,000000,1720.056,0,0,100,False,T4,000000,1720.056,0,0,100
192,False,T1,000000,1911.686,0,0,100,False,T2,000000,1911.686,0,0,100,False,T3,000000,1911.686,0,0,100,False,T4,000000,1911.686,0,0,100
193,False,T1,000000,1743.115,0,0,100,False,T2,000000,1743.115,0,0,100,False,T3,000000,1743.115,0,0,100,False,T4,000000,1743.115,0,0,100
194,False,T1,000000,1523.096,0,0,100,False,T2,000000,1523.096,0,0,100,False,T3,000000,1523.096,0,0,100,False,T4,000000,1523.096,0,0,100
195,False,T1,000000,1801.045,0,0,100,False,T2,000000,1801.045,0,0,100,False,T3,000000,1801.045,0,0,100,False,T4,000000,1801.045,0,0,100
196,False,T1,000000,1105.722,0,0,100,False,T2,000000,1105.722,0,0,100,False,T3,000000,1105.722,0,0,100,False,T4,000000,1105.722,0,0,100
197,False,T1,000000,1419.308,0,0,100,False,T2,000000,1419.308,0,0,100,False,T3,000000,1419.308,0,0,100,False,T4,000000,1419.308,0,0,100
198,False,T1,000000,1482.432,0,0,100,False,T2,000000,1482.432,0,0,100,False,T3,000000,1482.432,0,0,100,False,T4,000000,1482.432,0,0,100
199,False,T1,000000,1112.643,0,0,100,False,T2,000000,1112.643,0,0,100,False,T3,000000,1112.643,0,0,100,False,T4,000000,1112.643,0,0,100
200,False,T1,000000,1123.286,0,0,100,False,T2,000000,1123.286,0,0,100,False,T3,000000,1123.286,0,0,100,False,T4,000000,1123.286,0,0,100
201,False,T1,000000,1465.13,0,0,100,False,T2,000000,1465.13,0,0,100,False,T3,000000,1465.13,0,0,100,False,T4,000000,1465.13,0,0,100
202,False,T1,000000,1737.912,0,0,100,False,T2,000000,1737.912,0,0,100,False,T3,000000,1737.912,0,0,100,False,T4,000000,1737.912,0,0,100
203,False,T1,000000,1545.675,0,0,100,False,T2,000000,1545.675,0,0,100,False,T3,000000,1545.675,0,0,100,False,T4,000000,1545.675,0,0,100
204,False,T1,000000,1201.159,0,0,100,False,T2,000000,1201.159,0,0,100,False,T3,000000,1201.159,0,0,100,False,T4,000000,1201.159,0,0,100
205,False,T1,000000,1706.19,0,0,100,False,T2,000000,1706.19,0,0,100,False,T3,000000,1706.19,0,0,100,False,T4,000000,1706.19,0,0,100
206,False,T1,000000,1816.042,0,0,100,False,T2,000000,1816.042,0,0,100,False,T3,000000,1816.042,0,0,100,False,T4,000000,1816.042,0,0,100
207,False,T1,000000,1837.073,0,0,100,False,T2,000000,1837.073,0,0,100,False,T3,000000,1837.073,0,0,100,False,T4,000000,1837.073,0,0,100
208,False,T1,000000,1460.172,0,0,100,False,T2,000000,1460.172,0,0,100,False,T3,000000,1460.172,0,0,100,False,T4,000000,1460.172,0,0,100
209,False,T1,000000,1490.321,0,0,100,False,T2,000000,1490.321,0,0,100,False,T3,000000,1490.321,0,0,100,False,T4,000000,1490.321,0,0,100
210,False,T1,000000,1571.552,0,0,100,False,T2,000000,1571.552,0,0,100,False,T3,000000,1571.552,0,0,100,False,T4,000000,1571.552,0,0,100
211,False,T1,000000,1898.846,0,0,100,False,T2,000000,1898.846,0,0,100,False,T3,000000,1898.846,0,0,100,False,T4,000000,1898.846,0,0,100
212,False,T1,000000,1471.158,0,0,100,False,T2,000000,1471.158,0,0,100,False,T3,000000,1471.158,0,0,100,False,T4,000000,1471.158,0,0,100
213,False,T1,000000,1319.583,0,0,100,False,T2,000000,1319.583,0,0,100,False,T3,000000,1319.583,0,0,100,False,T4,000000,1319.583,0,0,100
214,False,T1,000000,1294.825,0,0,100,False,T2,000000,1294.825,0,0,100,False,T3,000000,1294.825,0,0,100,False,T4,000000,1294.825,0,0,100
215,False,T1,000000,1390.75,0,0,100,False,T2,000000,1390.75,0,0,100,False,T3,000000,1390.75,0,0,100,False,T4,000000,1390.75,0,0,100
216,False,T1,000000,1456.677,0,0,100,False,T2,000000,1456.677,0,0,100,False,T3,000000,1456.677,0,0,100,False,T4,000000,1456.677,0,0,100
217,False,T1,000000,1560.17,0,0,100,False,T2,000000,1560.17,0,0,100,False,T3,000000,1560.17,0,0,100,False,T4,000000,1560.17,0,0,100
218,False,T1,000000,1360.696,0,0,100,False,T2,000000,1360.696,0,0,100,False,T3,000000,1360.696,0,0,100,False,T4,000000,1360.696,0,0,100
219,False,T1,000000,1493.213,0,0,100,False,T2,000000,1493.213,0,0,100,False,T3,000000,1493.213,0,0,100,False,T4,000000,1493.213,0,0,100
220,False,T1,000000,1642.581,0,0,100,False,T2,000000,1642.581,0,0,100,False,T3,000000,1642.581,0,0,100,False,T4,000000,1642.581,0,0,100
221,False,T1,000000,1535.458,0,0,100,False,T2,000000,1535.458,0,0,100,False,T3,000000,1535.458,0,0,100,False,T4,000000,1535.458,0,0,100
222,False,T1,000000,1462.917,0,0,100,False,T2,000000,1462.917,0,0,100,False,T3,000000,1462.917,0,0,100,False,T4,000000,1462.917,0,0,100
223,False,T1,000000,1253.697,0,0,100,False,T2,000000,1253.697,0,0,100,False,T3,000000,1253.697,0,0,100,False,T4,000000,1253.697,0,0,100
224,False,T1,000000,1674.091,0,0,100,False,T2,000000,1674.091,0,0,100,False,T3,000000,1674.091,0,0,100,False,T4,000000,1674.091,0,0,100
225,False,T1,000000,1628.922,0,0,100,False,T2,000000,1628.922,0,0,100,False,T3,000000,1628.922,0,0,100,False,T4,000000,1628.922,0,0,100
226,False,T1,000000,1612.305,0,0,100,False,T2,000000,1612.305,0,0,100,False,T3,000000,1612.305,0,0,100,False,T4,000000,1612.305,0,0,100
227,False,T1,000000,1560.2,0,0,100,False,T2,000000,1560.2,0,0,100,False,T3,000000,1560.2,0,0,100,False,T4,000000,1560.2,0,0,100
228,False,T1,000000,1574.583,0,0,100,False,T2,000000,1574.583,0,0,100,False,T3,000000,1574.583,0,0,100,False,T4,000000,1574.583,0,0,100
229,False,T1,000000,1091.071,0,0,100,False,T2,000000,1091.071,0,0,100,False,T3,000000,1091.071,0,0,100,False,T4,000000,1091.071,0,0,100
230,False,T1,000000,1534.407,0,0,100,False,T2,000000,1534.407,0,0,100,False,T3,000000,1534.407,0,0,100,False,T4,000000,1534.407,0,0,100
231,False,T1,000000,1613.781,0,0,100,False,T2,000000,1613.781,0,0,100,False,T3,000000,1613.781,0,0,100,False,T4,000000,1613.781,0,0,100
232,False,T1,000000,1559.447,0,0,100,False,T2,000000,1559.447,0,0,100,False,T3,000000,1559.447,0,0,100,False,T4,000000,1559.447,0,0,100
233,False,T1,000000,1549.733,0,0,100,False,T2,000000,1549.733,0,0,100,False,T3,000000,1549.733,0,0,100,False,T4,000000,1549.733,0,0,100
234,False,T1,000000,1098.308,0,0,100,False,T2,000000,1098.308,0,0,100,False,T3,000000,1098.308,0,0,100,False,T4,000000,1098.308,0,0,100
235,False,T1,000000,1519.796,0,0,100,False,T2,000000,1519.796,0,0,100,False,T3,000000,1519.796,0,0,100,False,T4,000000,1519.796,0,0,100
236,False,T1,000000,1467.615,0,0,100,False,T2,000000,1467.615,0,0,100,False,T3,000000,1467.615,0,0,100,False,T4,000000,1467.615,0,0,100
237,False,T1,000000,1657.694,0,0,100,False,T2,000000,1657.694,0,0,100,False,T3,000000,1657.694,0,0,100,False,T4,000000,1657.694,0,0,100
238,False,T1,000000,1389.159,0,0,100,False,T2,000000,1389.159,0,0,100,False,T3,000000,1389.159,0,0,100,False,T4,000000,1389.159,0,0,100
239,False,T1,000000,1418.328,0,0,100,False,T2,000000,1418.328,0,0,100,False,T3,000000,1418.328,0,0,100,False,T4,000000,1418.328,0,0,100
240,False,T1,000000,1590.969,0,0,100,False,T2,000000,1590.969,0,0,100,False,T3,000000,1590.969,0,0,100,False,T4,000000,1590.969,0,0,100
241,False,T1,000000,1518.078,0,0,100,False,T2,000000,1518.078,0,0,100,False,T3,000000,1518.078,0,0,100,False,T4,000000,1518.078,0,0,100
242,False,T1,000000,1657.745,0,0,100,False,T2,000000,1657.745,0,0,100,False,T3,000000,1657.745,0,0,100,False,T4,000000,1657.745,0,0,100
243,False,T1,000000,1551.167,0,0,100,False,T2,000000,1551.167,0,0,100,False,T3,000000,1551.167,0,0,100,False,T4,000000,1551.167,0,0,100
244,False,T1,000000,1601.75,0,0,100,False,T2,000000,1601.75,0,0,100,False,T3,000000,1601.75,0,0,100,False,T4,000000,1601.75,0,0,100
245,False,T1,000000,1456.78,0,0,100,False,T2,000000,1456.78,0,0,100,False,T3,000000,1456.78,0,0,100,False,T4,000000,1456.78,0,0,100
246,False,T1,000000,1479.717,0,0,100,False,T2,000000,1479.717,0,0,100,False,T3,000000,1479.717,0,0,100,False,T4,000000,1479.717,0,0,100
247,False,T1,000000,1424.983,0,0,100,False,T2,000000,1424.983,0,0,100,False,T3,000000,1424.983,0,0,100,False,T4,000000,1424.983,0,0,100
248,False,T1,000000,1830.53,0,0,100,False,T2,000000,1830.53,0,0,100,False,T3,000000,1830.53,0,0,100,False,T4,000000,1830.53,0,0,100
249,False,T1,000000,1257.286,0,0,100,False,T2,000000,1257.286,0,0,100,False,T3,000000,1257.286,0,0,100,False,T4,000000,1257.286,0,0,100
250,False,T1,000000,1479.729,0,0,100,False,T2,000000,1479.729,0,0,100,False,T3,000000,1479.729,0,0,100,False,T4,000000,1479.729,0,0,100
251,False,T1,000000,1635.807,0,0,100,False,T2,000000,1635.807,0,0,100,False,T3,000000,1635.807,0,0,100,False,T4,000000,1635.807,0,0,100
252,False,T1,000000,1604.725,0,0,100,False,T2,000000,1604.725,0,0,100,False,T3,000000,1604.725,0,0,100,False,T4,000000,1604.725,0,0,100
253,False,T1,000000,1562.373,0,0,100,False,T2,000000,1562.373,0,0,100,False,T3,000000,1562.373,0,0,100,False,T4,000000,1562.373,0,0,100
254,False,T1,000000,1504.847,0,0,100,False,T2,000000,1504.847,0,0,100,False,T3,000000,1504.847,0,0,100,False,T4,000000,1504.847,0,0,100
255,False,T1,000000,1360.708,0,0,100,False,T2,000000,1360.708,0,0,100,False,T3,000000,1360.708,0,0,100,False,T4,000000,1360.708,0,0,100
256,False,T1,000000,1569.226,0,0,100,False,T2,000000,1569.226,0,0,100,False,T3,000000,1569.226,0,0,100,False,T4,000000,1569.226,0,0,100
257,False,T1,000000,1703.476,0,0,100,False,T2,000000,1703.476,0,0,100,False,T3,000000,1703.476,0,0,100,False,T4,000000,1703.476,0,0,100
258,False,T1,000000,1093.382,0,0,100,False,T2,000000,1093.382,0,0,100,False,T3,000000,1093.382,0,0,100,False,T4,000000,1093.382,0,0,100
259,False,T1,000000,1634.211,0,0,100,False,T2,000000,1634.211,0,0,100,False,T3,000000,1634.211,0,0,100,False,T4,000000,1634.211,0,0,100
260,False,T1,000000,1530.576,0,0,100,False,T2,000000,1530.576,0,0,100,False,T3,000000,1530.576,0,0,100,False,T4,000000,1530.576,0,0,100
261,False,T1,000000,1650.219,0,0,100,False,T2,000000,1650.219,0,0,100,False,T3,000000,1650.219,0,0,100,False,T4,000000,1650.219,0,0,100
262,False,T1,000000,1761.657,0,0,100,False,T2,000000,1761.657,0,0,100,False,T3,000000,1761.657,0,0,100,False,T4,000000,1761.657,0,0,100
263,False,T1,000000,1137.167,0,0,100,False,T2,000000,1137.167,0,0,100,False,T3,000000,1137.167,0,0,100,False,T4,000000,1137.167,0,0,100
264,False,T1,000000,1333.325,0,0,100,False,T2,000000,1333.325,0,0,100,False,T3,000000,1333.325,0,0,100,False,T4,000000,1333.325,0,0,100
265,False,T1,000000,1753.591,0,0,100,False,T2,000000,1753.591,0,0,100,False,T3,000000,1753.591,0,0,100,False,T4,000000,1753.591,0,0,100
266,False,T1,000000,1655.408,0,0,100,False,T2,000000,1655.408,0,0,100,False,T3,000000,1655.408,0,0,100,False,T4,000000,1655.408,0,0,100
267,False,T1,000000,1491.653,0,0,100,False,T2,000000,1491.653,0,0,100,False,T3,000000,1491.653,0,0,100,False,T4,000000,1491.653,0,0,100
268,False,T1,000000,1205.031,0,0,100,False,T2,000000,1205.031,0,0,100,False,T3,000000,1205.031,0,0,100,False,T4,000000,1205.031,0,0,100
269,False,T1,000000,1192.92,0,0,100,False,T2,000000,1192.92,0,0,100,False,T3,000000,1192.92,0,0,100,False,T4,000000,1192.92,0,0,100
270,False,T1,000000,1146.429,0,0,100,False,T2,000000,1146.429,0,0,100,False,T3,000000,1146.429,0,0,100,False,T4,000000,1146.429,0,0,100
271,False,T1,000000,1186.344,0,0,100,False,T2,000000,1186.344,0,0,100,False,T3,000000,1186.344,0,0,100,False,T4,000000,1186.344,0,0,100
272,False,T1,000000,1543.864,0,0,100,False,T2,000000,1543.864,0,0,100,False,T3,000000,1543.864,0,0,100,False,T4,000000,1543.864,0,0,100
273,False,T1,000000,1207.585,0,0,100,False,T2,000000,1207.585,0,0,100,False,T3,000000,1207.585,0,0,100,False,T4,000000,1207.585,0,0,100
274,False,T1,000000,1617.283,0,0,100,False,T2,000000,1617.283,0,0,100,False,T3,000000,1617.283,0,0,100,False,T4,000000,1617.283,0,0,100
275,False,T1,000000,1198.239,0,0,100,False,T2,000000,1198.239,0,0,100,False,T3,000000,1198.239,0,0,100,False,T4,000000,1198.239,0,0,100
276,False,T1,000000,1406.098,0,0,100,False,T2,000000,1406.098,0,0,100,False,T3,000000,1406.098,0,0,100,False,T4,000000,1406.098,0,0,100
277,False,T1,000000,1677.353,0,0,100,False,T2,000000,1677.353,0,0,100,False,T3,000000,1677.353,0,0,100,False,T4,000000,1677.353,0,0,100
278,False,T1,000000,1198.04,0,0,100,False,T2,000000,1198.04,0,0,100,False,T3,000000,1198.04,0,0,100,False,T4,000000,1198.04,0,0,100
279,False,T1,000000,1493.6,0,0,100,False,T2,000000,1493.6,0,0,100,False,T3,000000,1493.6,0,0,100,False,T4,000000,1493.6,0,0,100
280,False,T1,000000,1732.182,0,0,100,False,T2,000000,1732.182,0,0,100,False,T3,000000,1732.182,0,0,100,False,T4,000000,1732.182,0,0,100
281,False,T1,000000,1158.906,0,0,100,False,T2,000000,1158.906,0,0,100,False,T3,000000,1158.906,0,0,100,False,T4,000000,1158.906,0,0,100
282,False,T1,000000,1138.957,0,0,100,False,T2,000000,1138.957,0,0,100,False,T3,000000,1138.957,0,0,100,False,T4,000000,1138.957,0,0,100
283,False,T1,000000,1416.5,0,0,100,False,T2,000000,1416.5,0,0,100,False,T3,000000,1416.5,0,0,100,False,T4,000000,1416.5,0,0,100
284,False,T1,000000,1543.6,0,0,100,False,T2,000000,1543.6,0,0,100,False,T3,000000,1543.6,0,0,100,False,T4,000000,1543.6,0,0,100
285,False,T1,000000,1560.935,0,0,100,False,T2,000000,1560.935,0,0,100,False,T3,000000,1560.935,0,0,100,False,T4,000000,1560.935,0,0,100
286,False,T1,000000,1509.321,0,0,100,False,T2,000000,1509.321,0,0,100,False,T3,000000,1509.321,0,0,100,False,T4,000000,1509.321,0,0,100
287,False,T1,000000,1086.317,0,0,100,False,T2,000000,1086.317,0,0,100,False,T3,000000,1086.317,0,0,100,False,T4,000000,1086.317,0,0,100
288,False,T1,000000,1281.708,0,0,100,False,T2,000000,1281.708,0,0,100,False,T3,000000,1281.708,0,0,100,False,T4,000000,1281.708,0,0,100
289,False,T1,000000,1563.25,0,0,100,False,T2,000000,1563.25,0,0,100,False,T3,000000,1563.25,0,0,100,False,T4,000000,1563.25,0,0,100
290,False,T1,000000,1646.5,0,0,100,False,T2,000000,1646.5,0,0,100,False,T3,000000,1646.5,0,0,100,False,T4,000000,1646.5,0,0,100
291,False,T1,000000,1094.5,0,0,100,False,T2,000000,1094.5,0,0,100,False,T3,000000,1094.5,0,0,100,False,T4,000000,1094.5,0,0,100
292,False,T1,000000,1101,0,0,100,False,T2,000000,1101,0,0,100,False,T3,000000,1101,0,0,100,False,T4,000000,1101,0,0,100
293,False,T1,000000,1093.059,0,0,100,False,T2,000000,1093.059,0,0,100,False,T3,000000,1093.059,0,0,100,False,T4,000000,1093.059,0,0,100
294,False,T1,000000,1108.667,0,0,100,False,T2,000000,1108.667,0,0,100,False,T3,000000,1108.667,0,0,100,False,T4,000000,1108.667,0,0,100
295,False,T1,000000,1118.151,0,0,100,False,T2,000000,1118.151,0,0,100,False,T3,000000,1118.151,0,0,100,False,T4,000000,1118.151,0,0,100
296,False,T1,000000,1100.188,0,0,100,False,T2,000000,1100.188,0,0,100,False,T3,000000,1100.188,0,0,100,False,T4,000000,1100.188,0,0,100
297,False,T1,000000,1108.632,0,0,100,False,T2,000000,1108.632,0,0,100,False,T3,000000,1108.632,0,0,100,False,T4,000000,1108.632,0,0,100
298,False,T1,000000,1106.545,0,0,100,False,T2,000000,1106.545,0,0,100,False,T3,000000,1106.545,0,0,100,False,T4,000000,1106.545,0,0,100
299,False,T1,000000,1109.955,0,0,100,False,T2,000000,1109.955,0,0,100,False,T3,000000,1109.955,0,0,100,False,T4,000000,1109.955,0,0,100
300,False,T1,000000,1103.722,0,0,100,False,T2,000000,1103.722,0,0,100,False,T3,000000,1103.722,0,0,100,False,T4,000000,1103.722,0,0,100
301,False,T1,000000,1106.364,0,0,100,False,T2,000000,1106.364,0,0,100,False,T3,000000,1106.364,0,0,100,False,T4,000000,1106.364,0,0,100
302,False,T1,000000,1108.87,0,0,100,False,T2,000000,1108.87,0,0,100,False,T3,000000,1108.87,0,0,100,False,T4,000000,1108.87,0,0,100
303,False,T1,000000,1106,0,0,100,False,T2,000000,1106,0,0,100,False,T3,000000,1106,0,0,100,False,T4,000000,1106,0,0,100
304,False,T1,000000,1109.818,0,0,100,False,T2,000000,1109.818,0,0,100,False,T3,000000,1109.818,0,0,100,False,T4,000000,1109.818,0,0,100
305,False,T1,000000,1104.75,0,0,100,False,T2,000000,1104.75,0,0,100,False,T3,000000,1104.75,0,0,100,False,T4,000000,1104.75,0,0,100
306,False,T1,000000,1110.087,0,0,100,False,T2,000000,1110.087,0,0,100,False,T3,000000,1110.087,0,0,100,False,T4,000000,1110.087,0,0,100
307,False,T1,000000,1105.96,0,0,100,False,T2,000000,1105.96,0,0,100,False,T3,000000,1105.96,0,0,100,False,T4,000000,1105.96,0,0,100
308,False,T1,000000,1108.565,0,0,100,False,T2,000000,1108.565,0,0,100,False,T3,000000,1108.565,0,0,100,False,T4,000000,1108.565,0,0,100
309,False,T1,000000,1109.957,0,0,100,False,T2,000000,1109.957,0,0,100,False,T3,000000,1109.957,0,0,100,False,T4,000000,1109.957,0,0,100
310,False,T1,000000,1105.714,0,0,100,False,T2,000000,1105.714,0,0,100,False,T3,000000,1105.714,0,0,100,False,T4,000000,1105.714,0,0,100
311,False,T1,000000,1112,0,0,100,False,T2,000000,1112,0,0,100,False,T3,000000,1112,0,0,100,False,T4,000000,1112,0,0,100
312,False,T1,000000,1101.6,0,0,100,False,T2,000000,1101.6,0,0,100,False,T3,000000,1101.6,0,0,100,False,T4,000000,1101.6,0,0,100
313,False,T1,000000,1097.048,0,0,100,False,T2,000000,1097.048,0,0,100,False,T3,000000,1097.048,0,0,100,False,T4,000000,1097.048,0,0,100
314,False,T1,000000,1637.597,0,0,100,False,T2,000000,1637.597,0,0,100,False,T3,000000,1637.597,0,0,100,False,T4,000000,1637.597,0,0,100
315,False,T1,000000,1585.214,0,0,100,False,T2,000000,1585.214,0,0,100,False,T3,000000,1585.214,0,0,100,False,T4,000000,1585.214,0,0,100
316,False,T1,000000,1145.825,0,0,100,False,T2,000000,1145.825,0,0,100,False,T3,000000,1145.825,0,0,100,False,T4,000000,1145.825,0,0,100
317,False,T1,000000,1105.286,0,0,100,False,T2,000000,1105.286,0,0,100,False,T3,000000,1105.286,0,0,100,False,T4,000000,1105.286,0,0,100
318,False,T1,000000,1118.297,0,0,100,False,T2,000000,1118.297,0,0,100,False,T3,000000,1118.297,0,0,100,False,T4,000000,1118.297,0,0,100
319,False,T1,000000,1090.857,0,0,100,False,T2,000000,1090.857,0,0,100,False,T3,000000,1090.857,0,0,100,False,T4,000000,1090.857,0,0,100
320,False,T1,000000,1082.875,0,0,100,False,T2,000000,1082.875,0,0,100,False,T3,000000,1082.875,0,0,100,False,T4,000000,1082.875,0,0,100
321,False,T1,000000,1549.73,0,0,100,False,T2,000000,1549.73,0,0,100,False,T3,000000,1549.73,0,0,100,False,T4,000000,1549.73,0,0,100
322,False,T1,000000,1112.941,0,0,100,False,T2,000000,1112.941,0,0,100,False,T3,000000,1112.941,0,0,100,False,T4,000000,1112.941,0,0,100
323,False,T1,000000,1680.5,0,0,100,False,T2,000000,1680.5,0,0,100,False,T3,000000,1680.5,0,0,100,False,T4,000000,1680.5,0,0,100
324,False,T1,000000,1765.766,0,0,100,False,T2,000000,1765.766,0,0,100,False,T3,000000,1765.766,0,0,100,False,T4,000000,1765.766,0,0,100
325,False,T1,000000,1897.528,0,0,100,False,T2,000000,1897.528,0,0,100,False,T3,000000,1897.528,0,0,100,False,T4,000000,1897.528,0,0,100
326,False,T1,000000,1614.242,0,0,100,False,T2,000000,1614.242,0,0,100,False,T3,000000,1614.242,0,0,100,False,T4,000000,1614.242,0,0,100
327,False,T1,000000,1810.822,0,0,100,False,T2,000000,1810.822,0,0,100,False,T3,000000,1810.822,0,0,100,False,T4,000000,1810.822,0,0,100
328,False,T1,000000,1270.531,0,0,100,False,T2,000000,1270.531,0,0,100,False,T3,000000,1270.531,0,0,100,False,T4,000000,1270.531,0,0,100
329,False,T1,000000,1087.259,0,0,100,False,T2,000000,1087.259,0,0,100,False,T3,000000,1087.259,0,0,100,False,T4,000000,1087.259,0,0,100
330,False,T1,000000,1770.868,0,0,100,False,T2,000000,1770.868,0,0,100,False,T3,000000,1770.868,0,0,100,False,T4,000000,1770.868,0,0,100
331,False,T1,000000,1123.368,0,0,100,False,T2,000000,1123.368,0,0,100,False,T3,000000,1123.368,0,0,100,False,T4,000000,1123.368,0,0,100
332,False,T1,000000,1506.553,0,0,100,False,T2,000000,1506.553,0,0,100,False,T3,000000,1506.553,0,0,100,False,T4,000000,1506.553,0,0,100
333,False,T1,000000,1570.118,0,0,100,False,T2,000000,1570.118,0,0,100,False,T3,000000,1570.118,0,0,100,False,T4,000000,1570.118,0,0,100
334,False,T1,000000,1494.043,0,0,100,False,T2,000000,1494.043,0,0,100,False,T3,000000,1494.043,0,0,100,False,T4,000000,1494.043,0,0,100
335,False,T1,000000,1576.736,0,0,100,False,T2,000000,1576.736,0,0,100,False,T3,000000,1576.736,0,0,100,False,T4,000000,1576.736,0,0,100
336,False,T1,000000,1349.5,0,0,100,False,T2,000000,1349.5,0,0,100,False,T3,000000,1349.5,0,0,100,False,T4,000000,1349.5,0,0,100
337,False,T1,000000,1879.022,0,0,100,False,T2,000000,1879.022,0,0,100,False,T3,000000,1879.022,0,0,100,False,T4,000000,1879.022,0,0,100
338,False,T1,000000,1717.407,0,0,100,False,T2,000000,1717.407,0,0,100,False,T3,000000,1717.407,0,0,100,False,T4,000000,1717.407,0,0,100
339,False,T1,000000,1143,0,0,100,False,T2,000000,1143,0,0,100,False,T3,000000,1143,0,0,100,False,T4,000000,1143,0,0,100
340,False,T1,000000,1286.465,0,0,100,False,T2,000000,1286.465,0,0,100,False,T3,000000,1286.465,0,0,100,False,T4,000000,1286.465,0,0,100
341,False,T1,000000,1756.792,0,0,100,False,T2,000000,1756.792,0,0,100,False,T3,000000,1756.792,0,0,100,False,T4,000000,1756.792,0,0,100
342,False,T1,000000,1481.533,0,0,100,False,T2,000000,1481.533,0,0,100,False,T3,000000,1481.533,0,0,100,False,T4,000000,1481.533,0,0,100
343,False,T1,000000,1116.885,0,0,100,False,T2,000000,1116.885,0,0,100,False,T3,000000,1116.885,0,0,100,False,T4,000000,1116.885,0,0,100
344,False,T1,000000,1109.063,0,0,100,False,T2,000000,1109.063,0,0,100,False,T3,000000,1109.063,0,0,100,False,T4,000000,1109.063,0,0,100
345,False,T1,000000,1190.481,0,0,100,False,T2,000000,1190.481,0,0,100,False,T3,000000,1190.481,0,0,100,False,T4,000000,1190.481,0,0,100
346,False,T1,000000,1357.911,0,0,100,False,T2,000000,1357.911,0,0,100,False,T3,000000,1357.911,0,0,100,False,T4,000000,1357.911,0,0,100
347,False,T1,000000,1627.019,0,0,100,False,T2,000000,1627.019,0,0,100,False,T3,000000,1627.019,0,0,100,False,T4,000000,1627.019,0,0,100
348,False,T1,000000,1365.288,0,0,100,False,T2,000000,1365.288,0,0,100,False,T3,000000,1365.288,0,0,100,False,T4,000000,1365.288,0,0,100
349,False,T1,000000,1199.432,0,0,100,False,T2,000000,1199.432,0,0,100,False,T3,000000,1199.432,0,0,100,False,T4,000000,1199.432,0,0,100
350,False,T1,000000,1239.636,0,0,100,False,T2,000000,1239.636,0,0,100,False,T3,000000,1239.636,0,0,100,False,T4,000000,1239.636,0,0,100
351,False,T1,000000,1612.156,0,0,100,False,T2,000000,1612.156,0,0,100,False,T3,000000,1612.156,0,0,100,False,T4,000000,1612.156,0,0,100
352,False,T1,000000,1549.339,0,0,100,False,T2,000000,1549.339,0,0,100,False,T3,000000,1549.339,0,0,100,False,T4,000000,1549.339,0,0,100
353,False,T1,000000,1345.902,0,0,100,False,T2,000000,1345.902,0,0,100,False,T3,000000,1345.902,0,0,100,False,T4,000000,1345.902,0,0,100
354,False,T1,000000,1237.516,0,0,100,False,T2,000000,1237.516,0,0,100,False,T3,000000,1237.516,0,0,100,False,T4,000000,1237.516,0,0,100
355,False,T1,000000,1221.579,0,0,100,False,T2,000000,1221.579,0,0,100,False,T3,000000,1221.579,0,0,100,False,T4,000000,1221.579,0,0,100
356,False,T1,000000,1632.4,0,0,100,False,T2,000000,1632.4,0,0,100,False,T3,000000,1632.4,0,0,100,False,T4,000000,1632.4,0,0,100
357,False,T1,000000,1261.929,0,0,100,False,T2,000000,1261.929,0,0,100,False,T3,000000,1261.929,0,0,100,False,T4,000000,1261.929,0,0,100
358,False,T1,000000,1098.25,0,0,100,False,T2,000000,1098.25,0,0,100,False,T3,000000,1098.25,0,0,100,False,T4,000000,1098.25,0,0,100
359,False,T1,000000,1293.632,0,0,100,False,T2,000000,1293.632,0,0,100,False,T3,000000,1293.632,0,0,100,False,T4,000000,1293.632,0,0,100
360,False,T1,000000,1679.087,0,0,100,False,T2,000000,1679.087,0,0,100,False,T3,000000,1679.087,0,0,100,False,T4,000000,1679.087,0,0,100
361,False,T1,000000,1154.35,0,0,100,False,T2,000000,1154.35,0,0,100,False,T3,000000,1154.35,0,0,100,False,T4,000000,1154.35,0,0,100
362,False,T1,000000,1089.857,0,0,100,False,T2,000000,1089.857,0,0,100,False,T3,000000,1089.857,0,0,100,False,T4,000000,1089.857,0,0,100
363,False,T1,000000,1101.154,0,0,100,False,T2,000000,1101.154,0,0,100,False,T3,000000,1101.154,0,0,100,False,T4,000000,1101.154,0,0,100
364,False,T1,000000,1321.864,0,0,100,False,T2,000000,1321.864,0,0,100,False,T3,000000,1321.864,0,0,100,False,T4,000000,1321.864,0,0,100
365,False,T1,000000,1652.217,0,0,100,False,T2,000000,1652.217,0,0,100,False,T3,000000,1652.217,0,0,100,False,T4,000000,1652.217,0,0,100
366,False,T1,000000,1742.452,0,0,100,False,T2,000000,1742.452,0,0,100,False,T3,000000,1742.452,0,0,100,False,T4,000000,1742.452,0,0,100
367,False,T1,000000,1491.25,0,0,100,False,T2,000000,1491.25,0,0,100,False,T3,000000,1491.25,0,0,100,False,T4,000000,1491.25,0,0,100
368,False,T1,000000,1567.66,0,0,100,False,T2,000000,1567.66,0,0,100,False,T3,000000,1567.66,0,0,100,False,T4,000000,1567.66,0,0,100
369,False,T1,000000,1085.429,0,0,100,False,T2,000000,1085.429,0,0,100,False,T3,000000,1085.429,0,0,100,False,T4,000000,1085.429,0,0,100
370,False,T1,000000,1822.964,0,0,100,False,T2,000000,1822.964,0,0,100,False,T3,000000,1822.964,0,0,100,False,T4,000000,1822.964,0,0,100
371,False,T1,000000,1085.923,0,0,100,False,T2,000000,1085.923,0,0,100,False,T3,000000,1085.923,0,0,100,False,T4,000000,1085.923,0,0,100
372,False,T1,000000,1127.469,0,0,100,False,T2,000000,1127.469,0,0,100,False,T3,000000,1127.469,0,0,100,False,T4,000000,1127.469,0,0,100
373,False,T1,000000,1088.3,0,0,100,False,T2,000000,1088.3,0,0,100,False,T3,000000,1088.3,0,0,100,False,T4,000000,1088.3,0,0,100
374,False,T1,000000,1544.182,0,0,100,False,T2,000000,1544.182,0,0,100,False,T3,000000,1544.182,0,0,100,False,T4,000000,1544.182,0,0,100
375,False,T1,000000,1128.188,0,0,100,False,T2,000000,1128.188,0,0,100,False,T3,000000,1128.188,0,0,100,False,T4,000000,1128.188,0,0,100
376,False,T1,000000,1108.826,0,0,100,False,T2,000000,1108.826,0,0,100,False,T3,000000,1108.826,0,0,100,False,T4,000000,1108.826,0,0,100
377,False,T1,000000,1084.333,0,0,100,False,T2,000000,1084.333,0,0,100,False,T3,000000,1084.333,0,0,100,False,T4,000000,1084.333,0,0,100
378,False,T1,000000,1735.779,0,0,100,False,T2,000000,1735.779,0,0,100,False,T3,000000,1735.779,0,0,100,False,T4,000000,1735.779,0,0,100
379,False,T1,000000,1092.588,0,0,100,False,T2,000000,1092.588,0,0,100,False,T3,000000,1092.588,0,0,100,False,T4,000000,1092.588,0,0,100
380,False,T1,000000,1101.286,0,0,100,False,T2,000000,1101.286,0,0,100,False,T3,000000,1101.286,0,0,100,False,T4,000000,1101.286,0,0,100
381,False,T1,000000,1783.185,0,0,100,False,T2,000000,1783.185,0,0,100,False,T3,000000,1783.185,0,0,100,False,T4,000000,1783.185,0,0,100
382,False,T1,000000,1083.87,0,0,100,False,T2,000000,1083.87,0,0,100,False,T3,000000,1083.87,0,0,100,False,T4,000000,1083.87,0,0,100
383,False,T1,000000,2003.565,0,0,100,False,T2,000000,2003.565,0,0,100,False,T3,000000,2003.565,0,0,100,False,T4,000000,2003.565,0,0,100
384,False,T1,000000,1900.2,0,0,100,False,T2,000000,1900.2,0,0,100,False,T3,000000,1900.2,0,0,100,False,T4,000000,1900.2,0,0,100
385,False,T1,000000,1105.781,0,0,100,False,T2,000000,1105.781,0,0,100,False,T3,000000,1105.781,0,0,100,False,T4,000000,1105.781,0,0,100
386,False,T1,000000,2028.309,0,0,100,False,T2,000000,2028.309,0,0,100,False,T3,000000,2028.309,0,0,100,False,T4,000000,2028.309,0,0,100
387,False,T1,000000,1927.746,0,0,100,False,T2,000000,1927.746,0,0,100,False,T3,000000,1927.746,0,0,100,False,T4,000000,1927.746,0,0,100
388,False,T1,000000,2086.837,0,0,100,False,T2,000000,2086.837,0,0,100,False,T3,000000,2086.837,0,0,100,False,T4,000000,2086.837,0,0,100
389,False,T1,000000,1078.576,0,0,100,False,T2,000000,1078.576,0,0,100,False,T3,000000,1078.576,0,0,100,False,T4,000000,1078.576,0,0,100
390,False,T1,000000,1085.634,0,0,100,False,T2,000000,1085.634,0,0,100,False,T3,000000,1085.634,0,0,100,False,T4,000000,1085.634,0,0,100
391,False,T1,000000,1079.188,0,0,100,False,T2,000000,1079.188,0,0,100,False,T3,000000,1079.188,0,0,100,False,T4,000000,1079.188,0,0,100
392,False,T1,000000,1745.168,0,0,100,False,T2,000000,1745.168,0,0,100,False,T3,000000,1745.168,0,0,100,False,T4,000000,1745.168,0,0,100
393,False,T1,000000,1726.169,0,0,100,False,T2,000000,1726.169,0,0,100,False,T3,000000,1726.169,0,0,100,False,T4,000000,1726.169,0,0,100
394,False,T1,000000,1928.493,0,0,100,False,T2,000000,1928.493,0,0,100,False,T3,000000,1928.493,0,0,100,False,T4,000000,1928.493,0,0,100
395,False,T1,000000,1075.469,0,0,100,False,T2,000000,1075.469,0,0,100,False,T3,000000,1075.469,0,0,100,False,T4,000000,1075.469,0,0,100
396,False,T1,000000,2015.833,0,0,100,False,T2,000000,2015.833,0,0,100,False,T3,000000,2015.833,0,0,100,False,T4,000000,2015.833,0,0,100
397,False,T1,000000,2101.016,0,0,100,False,T2,000000,2101.016,0,0,100,False,T3,000000,2101.016,0,0,100,False,T4,000000,2101.016,0,0,100
398,False,T1,000000,2107.409,0,0,100,False,T2,000000,2107.409,0,0,100,False,T3,000000,2107.409,0,0,100,False,T4,000000,2107.409,0,0,100
399,False,T1,000000,1083.286,0,0,100,False,T2,000000,1083.286,0,0,100,False,T3,000000,1083.286,0,0,100,False,T4,000000,1083.286,0,0,100
400,False,T1,000000,2288,0,0,100,False,T2,000000,2288,0,0,100,False,T3,000000,2288,0,0,100,False,T4,000000,2288,0,0,100
401,False,T1,000000,1102.177,0,0,100,False,T2,000000,1102.177,0,0,100,False,T3,000000,1102.177,0,0,100,False,T4,000000,1102.177,0,0,100
402,False,T1,000000,1387.61,0,0,100,False,T2,000000,1387.61,0,0,100,False,T3,000000,1387.61,0,0,100,False,T4,000000,1387.61,0,0,100
403,False,T1,000000,1381.59,0,0,100,False,T2,000000,1381.59,0,0,100,False,T3,000000,1381.59,0,0,100,False,T4,000000,1381.59,0,0,100
404,False,T1,000000,1638.188,0,0,100,False,T2,000000,1638.188,0,0,100,False,T3,000000,1638.188,0,0,100,False,T4,000000,1638.188,0,0,100
405,False,T1,000000,1098.595,0,0,100,False,T2,000000,1098.595,0,0,100,False,T3,000000,1098.595,0,0,100,False,T4,000000,1098.595,0,0,100
406,False,T1,000000,1524.34,0,0,100,False,T2,000000,1524.34,0,0,100,False,T3,000000,1524.34,0,0,100,False,T4,000000,1524.34,0,0,100
407,False,T1,000000,1771,0,0,100,False,T2,000000,1771,0,0,100,False,T3,000000,1771,0,0,100,False,T4,000000,1771,0,0,100
408,False,T1,000000,1738.92,0,0,100,False,T2,000000,1738.92,0,0,100,False,T3,000000,1738.92,0,0,100,False,T4,000000,1738.92,0,0,100
409,False,T1,000000,1172.333,0,0,100,False,T2,000000,1172.333,0,0,100,False,T3,000000,1172.333,0,0,100,False,T4,000000,1172.333,0,0,100
410,False,T1,000000,1846.8,0,0,100,False,T2,000000,1846.8,0,0,100,False,T3,000000,1846.8,0,0,100,False,T4,000000,1846.8,0,0,100
411,False,T1,000000,1513,0,0,100,False,T2,000000,1513,0,0,100,False,T3,000000,1513,0,0,100,False,T4,000000,1513,0,0,100
412,False,T1,000000,2049.691,0,0,100,False,T2,000000,2049.691,0,0,100,False,T3,000000,2049.691,0,0,100,False,T4,000000,2049.691,0,0,100
413,False,T1,000000,1990.429,0,0,100,False,T2,000000,1990.429,0,0,100,False,T3,000000,1990.429,0,0,100,False,T4,000000,1990.429,0,0,100
414,False,T1,000000,1949.875,0,0,100,False,T2,000000,1949.875,0,0,100,False,T3,000000,1949.875,0,0,100,False,T4,000000,1949.875,0,0,100
415,False,T1,000000,1406.233,0,0,100,False,T2,000000,1406.233,0,0,100,False,T3,000000,1406.233,0,0,100,False,T4,000000,1406.233,0,0,100
416,False,T1,000000,1205.5,0,0,100,False,T2,000000,1205.5,0,0,100,False,T3,000000,1205.5,0,0,100,False,T4,000000,1205.5,0,0,100
417,False,T1,000000,1433.4,0,0,100,False,T2,000000,1433.4,0,0,100,False,T3,000000,1433.4,0,0,100,False,T4,000000,1433.4,0,0,100
418,False,T1,000000,2031.292,0,0,100,False,T2,000000,2031.292,0,0,100,False,T3,000000,2031.292,0,0,100,False,T4,000000,2031.292,0,0,100
419,False,T1,000000,1320.2,0,0,100,False,T2,000000,1320.2,0,0,100,False,T3,000000,1320.2,0,0,100,False,T4,000000,1320.2,0,0,100
420,False,T1,000000,2067.857,0,0,100,False,T2,000000,2067.857,0,0,100,False,T3,000000,2067.857,0,0,100,False,T4,000000,2067.857,0,0,100
421,False,T1,000000,1666.14,0,0,100,False,T2,000000,1666.14,0,0,100,False,T3,000000,1666.14,0,0,100,False,T4,000000,1666.14,0,0,100
422,False,T1,000000,1573.17,0,0,100,False,T2,000000,1573.17,0,0,100,False,T3,000000,1573.17,0,0,100,False,T4,000000,1573.17,0,0,100
423,False,T1,000000,1794.322,0,0,100,False,T2,000000,1794.322,0,0,100,False,T3,000000,1794.322,0,0,100,False,T4,000000,1794.322,0,0,100
424,False,T1,000000,2410.113,0,0,100,False,T2,000000,2410.113,0,0,100,False,T3,000000,2410.113,0,0,100,False,T4,000000,2410.113,0,0,100
425,False,T1,000000,1506.474,0,0,100,False,T2,000000,1506.474,0,0,100,False,T3,000000,1506.474,0,0,100,False,T4,000000,1506.474,0,0,100
426,False,T1,000000,1590.149,0,0,100,False,T2,000000,1590.149,0,0,100,False,T3,000000,1590.149,0,0,100,False,T4,000000,1590.149,0,0,100
427,False,T1,000000,1144.263,0,0,100,False,T2,000000,1144.263,0,0,100,False,T3,000000,1144.263,0,0,100,False,T4,000000,1144.263,0,0,100
428,False,T1,000000,1241.167,0,0,100,False,T2,000000,1241.167,0,0,100,False,T3,000000,1241.167,0,0,100,False,T4,000000,1241.167,0,0,100
429,False,T1,000000,1594.288,0,0,100,False,T2,000000,1594.288,0,0,100,False,T3,000000,1594.288,0,0,100,False,T4,000000,1594.288,0,0,100
430,False,T1,000000,1265.8,0,0,100,False,T2,000000,1265.8,0,0,100,False,T3,000000,1265.8,0,0,100,False,T4,000000,1265.8,0,0,100
431,False,T1,000000,1387.489,0,0,100,False,T2,000000,1387.489,0,0,100,False,T3,000000,1387.489,0,0,100,False,T4,000000,1387.489,0,0,100
432,False,T1,000000,1590.278,0,0,100,False,T2,000000,1590.278,0,0,100,False,T3,000000,1590.278,0,0,100,False,T4,000000,1590.278,0,0,100
433,False,T1,000000,1121.474,0,0,100,False,T2,000000,1121.474,0,0,100,False,T3,000000,1121.474,0,0,100,False,T4,000000,1121.474,0,0,100
434,False,T1,000000,1114.188,0,0,100,False,T2,000000,1114.188,0,0,100,False,T3,000000,1114.188,0,0,100,False,T4,000000,1114.188,0,0,100
435,False,T1,000000,1115,0,0,100,False,T2,000000,1115,0,0,100,False,T3,000000,1115,0,0,100,False,T4,000000,1115,0,0,100
436,False,T1,000000,1125.683,0,0,100,False,T2,000000,1125.683,0,0,100,False,T3,000000,1125.683,0,0,100,False,T4,000000,1125.683,0,0,100
437,False,T1,000000,1286.804,0,0,100,False,T2,000000,1286.804,0,0,100,False,T3,000000,1286.804,0,0,100,False,T4,000000,1286.804,0,0,100
438,False,T1,000000,1802.582,0,0,100,False,T2,000000,1802.582,0,0,100,False,T3,000000,1802.582,0,0,100,False,T4,000000,1802.582,0,0,100
439,False,T1,000000,1145.889,0,0,100,False,T2,000000,1145.889,0,0,100,False,T3,000000,1145.889,0,0,100,False,T4,000000,1145.889,0,0,100
440,False,T1,000000,1598.844,0,0,100,False,T2,000000,1598.844,0,0,100,False,T3,000000,1598.844,0,0,100,False,T4,000000,1598.844,0,0,100
441,False,T1,000000,1308.175,0,0,100,False,T2,000000,1308.175,0,0,100,False,T3,000000,1308.175,0,0,100,False,T4,000000,1308.175,0,0,100
